<?xml version="1.0" encoding="utf-8"?>
<!-- $Id: manifest.xml 14848 2010-02-14 04:28:59Z infograf768 $ -->
<install type="component" version="1.5.0" method="upgrade">
	<name>com_comments</name>
	<version>1.2.1 Beta 1</version>
	<creationDate>9 May 2009</creationDate>
	<author>JXtended</author>
	<authorEmail>info@jxtended.com</authorEmail>
	<authorUrl>http://jxtended.com</authorUrl>
	<copyright>Copyright (C) 2008 - 2009 JXtended, LLC. All rights reserved.</copyright>
	<license>GNU General Public License</license>
	<description>Comments, Sharing and Rating component</description>

	<install>
		<sql>
			<file charset="utf8" driver="mysql">install/installsql.mysql.utf8.php</file>
		</sql>
	</install>

	<uninstall>
		<sql>
			<file charset="utf8" driver="mysql">install/uninstallsql.mysql.utf8.php</file>
		</sql>
	</uninstall>

	<languages folder="site/language">
		<language tag="en-GB">en-GB/en-GB.com_comments.ini</language>
	</languages>

	<files folder="site">
		<file>comments.php</file>
		<file>controller.php</file>
		<file>index.html</file>
		<file>metadata.xml</file>
		<file>router.php</file>

		<folder>controllers</folder>
		<folder>helpers</folder>
		<folder>media</folder>
		<folder>models</folder>
		<folder>tables</folder>
		<folder>views</folder>
	</files>

	<media folder="media">
		<folder>jxtended</folder>
	</media>

	<administration>
		<menu img="components/com_comments/media/images/icon-16-jx.png" link="option=com_comments&amp;view=comments">Comments</menu>

		<languages folder="admin/language">
			<language tag="en-GB">en-GB/en-GB.com_comments.ini</language>
		</languages>

		<files folder="admin">
			<file>comments.php</file>
			<file>controller.php</file>
			<file>index.html</file>
			<file>version.php</file>

			<folder>controllers</folder>
			<folder>elements</folder>
			<folder>helpers</folder>
			<folder>install</folder>
			<folder>media</folder>
			<folder>models</folder>
			<folder>views</folder>
		</files>
	</administration>

	<installfile>install/install.php</installfile>
	<uninstallfile>install/uninstall.php</uninstallfile>

	<modules>
		<module module="mod_comments_summary" position="right" client="administrator">
			<files folder="mod_admin_comments_summary">
				<folder>tmpl</folder>

				<file>helper.php</file>
				<file>index.html</file>
				<file>mod_comments_summary.php</file>
				<file>mod_comments_summary.xml</file>
			</files>

			<languages folder="admin/language">
				<language tag="en-GB">en-GB/en-GB.mod_comments_summary.ini</language>
			</languages>

			<media />
		</module>
		<module module="mod_comments_comment" position="right" client="site">
			<files folder="mod_site_comments_comment">
				<folder>tmpl</folder>

				<file>helper.php</file>
				<file>index.html</file>
				<file>mod_comments_comment.php</file>
				<file>mod_comments_comment.xml</file>
			</files>

			<languages folder="site/language">
				<language tag="en-GB">en-GB/en-GB.mod_comments_comment.ini</language>
			</languages>

			<media />
		</module>
		<module module="mod_comments_highest_rated" position="right" client="site">
			<files folder="mod_site_comments_highest_rated">
				<folder>tmpl</folder>

				<file>helper.php</file>
				<file>index.html</file>
				<file>mod_comments_highest_rated.php</file>
				<file>mod_comments_highest_rated.xml</file>
			</files>

			<languages folder="site/language">
				<language tag="en-GB">en-GB/en-GB.mod_comments_highest_rated.ini</language>
			</languages>

			<media />
		</module>
		<module module="mod_comments_latest" position="right" client="site">
			<files folder="mod_site_comments_latest">
				<folder>tmpl</folder>

				<file>helper.php</file>
				<file>index.html</file>
				<file>mod_comments_latest.php</file>
				<file>mod_comments_latest.xml</file>
			</files>

			<languages folder="site/language">
				<language tag="en-GB">en-GB/en-GB.mod_comments_latest.ini</language>
			</languages>

			<media />
		</module>
		<module module="mod_comments_most_commented" position="right" client="site">
			<files folder="mod_site_comments_most_commented">
				<folder>tmpl</folder>

				<file>helper.php</file>
				<file>index.html</file>
				<file>mod_comments_most_commented.php</file>
				<file>mod_comments_most_commented.xml</file>
			</files>

			<languages folder="site/language">
				<language tag="en-GB">en-GB/en-GB.mod_comments_most_commented.ini</language>
			</languages>

			<media />
		</module>
		<module module="mod_comments_rating" position="right" client="site">
			<files folder="mod_site_comments_rating">
				<folder>tmpl</folder>

				<file>helper.php</file>
				<file>index.html</file>
				<file>mod_comments_rating.php</file>
				<file>mod_comments_rating.xml</file>
			</files>

			<languages folder="site/language">
				<language tag="en-GB">en-GB/en-GB.mod_comments_rating.ini</language>
			</languages>

			<media />
		</module>
		<module module="mod_comments_share" position="right" client="site">
			<files folder="mod_site_comments_share">
				<folder>images</folder>
				<folder>tmpl</folder>

				<file>helper.php</file>
				<file>index.html</file>
				<file>mod_comments_share.php</file>
				<file>mod_comments_share.xml</file>
			</files>

			<languages folder="site/language">
				<language tag="en-GB">en-GB/en-GB.mod_comments_share.ini</language>
			</languages>

			<media />
		</module>
	</modules>

	<plugins>
		<plugin plugin="comments" group="content">
			<files folder="plg_content_comments">
				<file>comments.php</file>
				<file>comments.xml</file>
			</files>

			<languages folder="admin/language">
				<language tag="en-GB">en-GB/en-GB.plg_content_comments.ini</language>
			</languages>

			<media />
		</plugin>

		<plugin plugin="comments" group="user">
			<files folder="plg_user_comments">
				<file>comments.php</file>
				<file>comments.xml</file>
			</files>
		</plugin>
	</plugins>
</install>