<?xml version="1.0" encoding="utf-8"?>
<extension
	type="module"
	version="1.6.0"
	client="site"
	method="upgrade">
	<name>mod_menu</name>
	<author>Joomla! Project</author>
	<creationDate>July 2004</creationDate>
	<copyright>Copyright (C) 2005 - 2010 Open Source Matters. All rights reserved.</copyright>
	<license>GNU General Public License version 2 or later; see LICENSE.txt</license>
	<authorEmail>admin@joomla.org</authorEmail>
	<authorUrl>www.joomla.org</authorUrl>
	<version>1.6.0</version>
	<description>MOD_MENU_XML_DESCRIPTION</description>
	<files>
		<filename
			module="mod_menu">mod_menu.php</filename>
		<folder>tmpl</folder>
		<filename>helper.php</filename>
		<filename>index.html</filename>		<filename>mod_menu.xml</filename>
	</files>
	<help key="JHELP_EXTENSIONS_MODULE_MANAGER_MENU" />
	<config>
		<fields name="params">
			<fieldset name="basic">
				<field
					name="menutype"
					type="menu"
					label="MOD_MENU_FIELD_MENUTYPE_LABEL"
					description="MOD_MENU_FIELD_MENUTYPE_DESC" />
				<field
					name="startLevel"
					type="text"
					default="0"
					size="5"
					label="MOD_MENU_FIELD_STARTLEVEL_LABEL"
					description="MOD_MENU_FIELD_STARTLEVEL_DESC" />

				<field
					name="endLevel"
					type="text"
					default="0"
					size="5"
					label="MOD_MENU_FIELD_ENDLEVEL_LABEL"
					description="MOD_MENU_FIELD_ENDLEVEL_DESC" />

				<field
					name="showAllChildren"
					type="radio"
					default="0"
					label="MOD_MENU_FIELD_ALLCHILDREN_LABEL"
					description="MOD_MENU_FIELD_ALLCHILDREN_DESC">
					<option
						value="0">JNO</option>
					<option
						value="1">JYES</option>
				</field>
			</fieldset>

			<fieldset
				name="advanced">
				<field
					name="tag_id"
					type="text"
					label="MOD_MENU_FIELD_TAG_ID_LABEL"
					description="MOD_MENU_FIELD_TAG_ID_DESC" />

				<field
					name="class_sfx"
					type="text"
					label="MOD_MENU_FIELD_CLASS_LABEL"
					description="MOD_MENU_FIELD_CLASS_DESC" />

				<field
					name="window_open"
					type="text"
					label="MOD_MENU_FIELD_TARGET_LABEL"
					description="MOD_MENU_FIELD_TARGET_DESC" />

				<field
					name="layout"
					type="modulelayout"
					label="JFIELD_ALT_LAYOUT_LABEL"
					description="JFIELD_ALT_MODULE_LAYOUT_DESC" />

				<field
					name="moduleclass_sfx"
					type="text"
					label="COM_MODULES_FIELD_MODULECLASS_SFX_LABEL"
					description="COM_MODULES_FIELD_MODULECLASS_SFX_DESC" />

								<field
					name="cache"
					type="list"
					default="1"
					label="COM_MODULES_FIELD_CACHING_LABEL"
					description="COM_MODULES_FIELD_CACHING_DESC">
					<option
						value="1">JGLOBAL_USE_GLOBAL</option>
					<option
						value="0">COM_MODULES_FIELD_VALUE_NOCACHING</option>
				</field>
				<field
					name="cache_time"
					type="text"
					default="900"
					label="COM_MODULES_FIELD_CACHE_TIME_LABEL"
					description="COM_MODULES_FIELD_CACHE_TIME_DESC" />
				<field
					name="cachemode"
					type="hidden"
					default="itemid">
					<option
						value="itemid"></option>
				</field>
			</fieldset>
		</fields>
	</config>
</extension>