<?xml version="1.0" encoding="UTF-8" ?>
<extension type="library" version="1.6">
	<name>XML RPC for PHP</name>
	<libraryname>phpxmlrpc</libraryname>
	<version>1.5</version>
	<description>PHP XML RPC Library for Client and Server</description>
	<creationDate>2008</creationDate>
	<copyright>Copyright (C) 2008 phpxmlrpc.</copyright>
	<license>http://www.gnu.org/licenses/gpl-2.0.html GNU/GPL</license>
	<author>phpxmlrpc</author>
	<authorEmail></authorEmail>
	<authorUrl>http://phpxmlrpc.sourceforge.net/</authorUrl>
	<packager>Joomla!</packager>
	<packagerurl>http://www.joomla.org</packagerurl>
	<update>http://update.joomla.org/libraries/phpxmlrpc</update>
	<files>
		<file>NEWS</file>
		<file>README</file>
		<file>xmlrpc.php</file>
		<file>index.html</file>
		<file>compat/index.html</file>
		<file>compat/version_compare.php</file>
		<file>compat/is_a.php</file>
		<file>compat/is_callable.php</file>
		<file>compat/is_scalar.php</file>
		<file>compat/var_export.php</file>
		<file>compat/array_key_exists.php</file>
		<file>xmlrpcs.php</file>
		<file>xmlrpc_wrappers.php</file>
		<file>Changelog</file>
	</files>
</extension>
