<?xml version="1.0" encoding="utf-8"?>
<!DOCTYPE install SYSTEM "http://www.joomla.org/xml/dtd/1.5/component-install.dtd">
<install type="component" version="1.5.0">
	<name>VirtueMart</name>
	<creationDate>March 2011</creationDate>
	<author>The VirtueMart Development Team</author>
	<authorEmail>soeren|at|virtuemart.net</authorEmail>
	<authorUrl>http://www.virtuemart.net</authorUrl>
	<copyright>	Copyright (C) 2004-2011 Virtuemart Team. All rights reserved.</copyright>
	<license>http://www.gnu.org/licenses/gpl-2.0.html GNU/GPL</license>
	<version status="beta">2.0-beta3</version>
	<description>Online-Shop / Complete E-Commerce system for Joomla 1.5</description>

	<!-- Custom installer -->
	<installfile>install/install.virtuemart.php</installfile>

	<!-- Custom uninstaller -->
	<uninstallfile>install/uninstall.virtuemart.php</uninstallfile>

	<!-- SQL queries -->
	<install>
		<sql>
			<file charset="utf8" driver="mysql">install/install.sql</file>
		</sql>
	</install>

	<!-- Site Main File Copy Section -->
	<files folder="components/com_virtuemart">
		<filename>router.php</filename>
		<filename>virtuemart.php</filename>
		<filename>index.html</filename>

		<folder>assets</folder>
		<folder>controllers</folder>
		<folder>helpers</folder>
		<folder>views</folder>
	</files>

	<media folder="images/stories/virtuemart" destination="../images/stories/virtuemart">
		<folder>category</folder>
		<folder>manufacturer</folder>
		<folder>product</folder>
 </media>

	<!-- Language files -->
	<languages folder="language">
		<language tag="en-GB">en-GB/en-GB.com_virtuemart.ini</language>
	</languages>

	<administration>
		<!-- Administration Menu Section -->
 		<menu img="../components/com_virtuemart/assets/images/vmgeneral/menu_icon.png">VirtueMart</menu>
		<!-- Administration Main File Copy Section -->
		<files folder="administrator/components/com_virtuemart">
			<filename>admin.virtuemart.php</filename>
			<filename>COPYRIGHT.php</filename>
			<filename>index.html</filename>
			<filename>pear.php</filename>
			<filename>version.php</filename>

			<folder>assets</folder>
			<folder>controllers</folder>
			<folder>helpers</folder>
			<folder>install</folder>
			<folder>libraries</folder>
			<folder>models</folder>
			<folder>plugins</folder>
			<folder>tables</folder>
   			<folder>views</folder>

		</files>


		<!-- Language files -->
		<languages folder="administrator/language">
			<language tag="en-GB">en-GB/en-GB.com_virtuemart.ini</language>
			<language tag="en-GB">en-GB/en-GB.com_virtuemart.sys.ini</language>
		</languages>
	</administration>

</install>